{
    "predict_bleu-4": 29.85021383482378,
    "predict_rouge-1": 84.42924776433456,
    "predict_rouge-2": 0.0,
    "predict_rouge-l": 84.42924776433456,
    "predict_runtime": 451.0658,
    "predict_samples_per_second": 4.214,
    "predict_steps_per_second": 0.528
}